epoch,time,train/box_loss,train/cls_loss,train/dfl_loss,metrics/precision(B),metrics/recall(B),metrics/mAP50(B),metrics/mAP50-95(B),val/box_loss,val/cls_loss,val/dfl_loss,lr/pg0,lr/pg1,lr/pg2
1,528.558,2.14305,2.08997,2.13177,0.32339,0.13979,0.12229,0.0459,3.09096,2.98958,3.02141,0.000648649,0.000648649,0.000648649
2,1066.86,1.28622,1.2528,1.50538,0.64703,0.47166,0.51108,0.29181,1.82898,1.84666,1.87846,0.0011851,0.0011851,0.0011851
3,1647.24,1.05003,1.04338,1.3286,0.79648,0.67753,0.7465,0.48755,1.30572,1.11856,1.42542,0.00158955,0.00158955,0.00158955
